"No.","Time","Delta Time","Source","Destination","Protocol","Length","Info"
"14","160905.481000","0.060000","localhost ()","remote ()","ATT","51","Sent Write Command, Handle: 0x004d (Unknown)"
"35","160905.894000","0.000000","controller","host","HCI_EVT","8","Rcvd Number of Completed Packets"
"36","160905.984000","0.090000","remote ()","localhost ()","ATT","19","Rcvd Handle Value Notification, Handle: 0x004d (Unknown)"
"51","160907.461000","0.019000","localhost ()","remote ()","ATT","51","Sent Write Command, Handle: 0x004d (Unknown)"
"52","160907.514000","0.053000","remote ()","localhost ()","ATT","19","Rcvd Handle Value Notification, Handle: 0x004d (Unknown)"
"54","160907.549000","0.004000","controller","host","HCI_EVT","8","Rcvd Number of Completed Packets"
"221","160909.458000","0.070000","localhost ()","remote ()","ATT","51","Sent Write Command, Handle: 0x004d (Unknown)"
"222","160909.584000","0.126000","remote ()","localhost ()","ATT","19","Rcvd Handle Value Notification, Handle: 0x004d (Unknown)"
"223","160909.689000","0.105000","controller","host","HCI_EVT","8","Rcvd Number of Completed Packets"
"225","160910.033000","0.053000","remote ()","localhost ()","ATT","25","Rcvd Handle Value Notification, Handle: 0x0044 (Unknown)"
"231","160910.438000","0.134000","remote ()","localhost ()","ATT","25","Rcvd Handle Value Notification, Handle: 0x0044 (Unknown)"
"235","160911.249000","0.390000","remote ()","localhost ()","ATT","25","Rcvd Handle Value Notification, Handle: 0x0044 (Unknown)"
"237","160911.458000","0.128000","localhost ()","remote ()","ATT","51","Sent Write Command, Handle: 0x004d (Unknown)"
"241","160911.654000","0.124000","remote ()","localhost ()","ATT","25","Rcvd Handle Value Notification, Handle: 0x0044 (Unknown)"
"242","160911.698000","0.044000","remote ()","localhost ()","ATT","19","Rcvd Handle Value Notification, Handle: 0x004d (Unknown)"
"243","160911.804000","0.106000","controller","host","HCI_EVT","8","Rcvd Number of Completed Packets"
"252","160912.461000","0.041000","localhost ()","remote ()","ATT","51","Sent Write Command, Handle: 0x004d (Unknown)"
"253","160912.463000","0.002000","remote ()","localhost ()","ATT","25","Rcvd Handle Value Notification, Handle: 0x0044 (Unknown)"
"254","160912.554000","0.091000","remote ()","localhost ()","ATT","19","Rcvd Handle Value Notification, Handle: 0x004d (Unknown)"
"255","160912.659000","0.105000","controller","host","HCI_EVT","8","Rcvd Number of Completed Packets"
"258","160912.824000","0.111000","remote ()","localhost ()","ATT","25","Rcvd Handle Value Notification, Handle: 0x0044 (Unknown)"
"263","160913.229000","0.207000","remote ()","localhost ()","ATT","25","Rcvd Handle Value Notification, Handle: 0x0044 (Unknown)"
"273","160914.039000","0.125000","remote ()","localhost ()","ATT","25","Rcvd Handle Value Notification, Handle: 0x0044 (Unknown)"
"276","160914.444000","0.091000","remote ()","localhost ()","ATT","25","Rcvd Handle Value Notification, Handle: 0x0044 (Unknown)"
"277","160914.458000","0.014000","localhost ()","remote ()","ATT","51","Sent Write Command, Handle: 0x004d (Unknown)"
"279","160914.534000","0.075000","remote ()","localhost ()","ATT","19","Rcvd Handle Value Notification, Handle: 0x004d (Unknown)"
"280","160914.639000","0.105000","controller","host","HCI_EVT","8","Rcvd Number of Completed Packets"
"283","160914.850000","0.025000","remote ()","localhost ()","ATT","25","Rcvd Handle Value Notification, Handle: 0x0044 (Unknown)"
"290","160915.460000","0.044000","localhost ()","remote ()","ATT","51","Sent Write Command, Handle: 0x004d (Unknown)"
"291","160915.659000","0.199000","remote ()","localhost ()","ATT","25","Rcvd Handle Value Notification, Handle: 0x0044 (Unknown)"
"292","160915.688000","0.029000","controller","host","HCI_EVT","8","Rcvd Number of Completed Packets"
"295","160915.705000","0.015000","remote ()","localhost ()","ATT","19","Rcvd Handle Value Notification, Handle: 0x004d (Unknown)"
"299","160916.064000","0.103000","remote ()","localhost ()","ATT","25","Rcvd Handle Value Notification, Handle: 0x0044 (Unknown)"
"305","160916.462000","0.091000","localhost ()","remote ()","ATT","51","Sent Write Command, Handle: 0x004d (Unknown)"
"307","160916.694000","0.094000","remote ()","localhost ()","ATT","19","Rcvd Handle Value Notification, Handle: 0x004d (Unknown)"
"308","160916.754000","0.060000","controller","host","HCI_EVT","8","Rcvd Number of Completed Packets"
"309","160916.829000","0.075000","remote ()","localhost ()","ATT","25","Rcvd Handle Value Notification, Handle: 0x0044 (Unknown)"
"312","160917.233000","0.031000","remote ()","localhost ()","ATT","25","Rcvd Handle Value Notification, Handle: 0x0044 (Unknown)"
"423","160917.639000","0.003000","remote ()","localhost ()","ATT","25","Rcvd Handle Value Notification, Handle: 0x0044 (Unknown)"
"468","160918.449000","0.049000","remote ()","localhost ()","ATT","25","Rcvd Handle Value Notification, Handle: 0x0044 (Unknown)"
"469","160918.463000","0.014000","localhost ()","remote ()","ATT","51","Sent Write Command, Handle: 0x004d (Unknown)"
"470","160918.539000","0.076000","remote ()","localhost ()","ATT","19","Rcvd Handle Value Notification, Handle: 0x004d (Unknown)"
"471","160918.644000","0.105000","controller","host","HCI_EVT","8","Rcvd Number of Completed Packets"
"475","160918.854000","0.176000","remote ()","localhost ()","ATT","25","Rcvd Handle Value Notification, Handle: 0x0044 (Unknown)"
"477","160919.259000","0.035000","remote ()","localhost ()","ATT","25","Rcvd Handle Value Notification, Handle: 0x0044 (Unknown)"
"483","160920.069000","0.245000","remote ()","localhost ()","ATT","25","Rcvd Handle Value Notification, Handle: 0x0044 (Unknown)"
"487","160920.431000","0.009000","remote ()","localhost ()","ATT","25","Rcvd Handle Value Notification, Handle: 0x0044 (Unknown)"
"488","160920.444000","0.013000","localhost ()","remote ()","ATT","51","Sent Write Command, Handle: 0x004d (Unknown)"
"490","160920.474000","0.004000","controller","host","HCI_EVT","8","Rcvd Number of Completed Packets"
"493","160920.519000","0.031000","remote ()","localhost ()","ATT","19","Rcvd Handle Value Notification, Handle: 0x004d (Unknown)"
"495","160920.834000","0.107000","remote ()","localhost ()","ATT","25","Rcvd Handle Value Notification, Handle: 0x0044 (Unknown)"
"497","160921.239000","0.187000","remote ()","localhost ()","ATT","25","Rcvd Handle Value Notification, Handle: 0x0044 (Unknown)"
"502","160921.447000","0.007000","localhost ()","remote ()","ATT","51","Sent Write Command, Handle: 0x004d (Unknown)"
"503","160921.644000","0.197000","remote ()","localhost ()","ATT","25","Rcvd Handle Value Notification, Handle: 0x0044 (Unknown)"
"504","160921.664000","0.020000","controller","host","HCI_EVT","8","Rcvd Number of Completed Packets"
"507","160921.690000","0.026000","remote ()","localhost ()","ATT","19","Rcvd Handle Value Notification, Handle: 0x004d (Unknown)"
"511","160922.453000","0.002000","remote ()","localhost ()","ATT","25","Rcvd Handle Value Notification, Handle: 0x0044 (Unknown)"
"512","160922.453000","0.000000","localhost ()","remote ()","ATT","51","Sent Write Command, Handle: 0x004d (Unknown)"
"513","160922.544000","0.091000","remote ()","localhost ()","ATT","19","Rcvd Handle Value Notification, Handle: 0x004d (Unknown)"
"514","160922.582000","0.038000","controller","host","HCI_EVT","8","Rcvd Number of Completed Packets"
"519","160922.860000","0.004000","remote ()","localhost ()","ATT","25","Rcvd Handle Value Notification, Handle: 0x0044 (Unknown)"
"524","160923.264000","0.064000","remote ()","localhost ()","ATT","25","Rcvd Handle Value Notification, Handle: 0x0044 (Unknown)"
"526","160923.669000","0.217000","remote ()","localhost ()","ATT","25","Rcvd Handle Value Notification, Handle: 0x0044 (Unknown)"
"531","160924.434000","0.373000","remote ()","localhost ()","ATT","25","Rcvd Handle Value Notification, Handle: 0x0044 (Unknown)"
"532","160924.448000","0.014000","localhost ()","remote ()","ATT","51","Sent Write Command, Handle: 0x004d (Unknown)"
"534","160924.524000","0.070000","remote ()","localhost ()","ATT","19","Rcvd Handle Value Notification, Handle: 0x004d (Unknown)"
"535","160924.629000","0.105000","controller","host","HCI_EVT","8","Rcvd Number of Completed Packets"
"538","160924.839000","0.166000","remote ()","localhost ()","ATT","25","Rcvd Handle Value Notification, Handle: 0x0044 (Unknown)"
"541","160925.244000","0.153000","remote ()","localhost ()","ATT","25","Rcvd Handle Value Notification, Handle: 0x0044 (Unknown)"
"542","160925.460000","0.216000","localhost ()","remote ()","ATT","51","Sent Write Command, Handle: 0x004d (Unknown)"
"547","160925.649000","0.054000","remote ()","localhost ()","ATT","25","Rcvd Handle Value Notification, Handle: 0x0044 (Unknown)"
"548","160925.694000","0.045000","remote ()","localhost ()","ATT","19","Rcvd Handle Value Notification, Handle: 0x004d (Unknown)"
"549","160925.800000","0.106000","controller","host","HCI_EVT","8","Rcvd Number of Completed Packets"
"556","160926.460000","0.003000","remote ()","localhost ()","ATT","25","Rcvd Handle Value Notification, Handle: 0x0044 (Unknown)"
"560","160926.863000","0.141000","remote ()","localhost ()","ATT","25","Rcvd Handle Value Notification, Handle: 0x0044 (Unknown)"
"564","160927.268000","0.203000","remote ()","localhost ()","ATT","25","Rcvd Handle Value Notification, Handle: 0x0044 (Unknown)"
"565","160927.458000","0.190000","localhost ()","remote ()","ATT","51","Sent Write Command, Handle: 0x004d (Unknown)"
"606","160927.630000","0.003000","remote ()","localhost ()","ATT","25","Rcvd Handle Value Notification, Handle: 0x0044 (Unknown)"
"607","160927.630000","0.000000","controller","host","HCI_EVT","8","Rcvd Number of Completed Packets"
"630","160927.674000","0.001000","remote ()","localhost ()","ATT","19","Rcvd Handle Value Notification, Handle: 0x004d (Unknown)"
"720","160928.439000","0.572000","remote ()","localhost ()","ATT","25","Rcvd Handle Value Notification, Handle: 0x0044 (Unknown)"
"721","160928.459000","0.020000","localhost ()","remote ()","ATT","51","Sent Write Command, Handle: 0x004d (Unknown)"
"724","160928.523000","0.039000","controller","host","HCI_EVT","8","Rcvd Number of Completed Packets"
"727","160928.529000","0.004000","remote ()","localhost ()","ATT","19","Rcvd Handle Value Notification, Handle: 0x004d (Unknown)"
"728","160928.844000","0.315000","remote ()","localhost ()","ATT","25","Rcvd Handle Value Notification, Handle: 0x0044 (Unknown)"
"730","160929.249000","0.170000","remote ()","localhost ()","ATT","25","Rcvd Handle Value Notification, Handle: 0x0044 (Unknown)"
"735","160929.462000","0.018000","localhost ()","remote ()","ATT","51","Sent Write Command, Handle: 0x004d (Unknown)"
"737","160929.654000","0.180000","remote ()","localhost ()","ATT","25","Rcvd Handle Value Notification, Handle: 0x0044 (Unknown)"
"738","160929.699000","0.045000","remote ()","localhost ()","ATT","19","Rcvd Handle Value Notification, Handle: 0x004d (Unknown)"
"739","160929.805000","0.106000","controller","host","HCI_EVT","8","Rcvd Number of Completed Packets"
"744","160930.463000","0.124000","remote ()","localhost ()","ATT","25","Rcvd Handle Value Notification, Handle: 0x0044 (Unknown)"
"748","160930.869000","0.001000","remote ()","localhost ()","ATT","25","Rcvd Handle Value Notification, Handle: 0x0044 (Unknown)"
"752","160931.229000","0.324000","remote ()","localhost ()","ATT","25","Rcvd Handle Value Notification, Handle: 0x0044 (Unknown)"
"754","160931.460000","0.220000","localhost ()","remote ()","ATT","51","Sent Write Command, Handle: 0x004d (Unknown)"
"756","160931.786000","0.278000","controller","host","HCI_EVT","8","Rcvd Number of Completed Packets"
"758","160931.815000","0.029000","remote ()","localhost ()","ATT","19","Rcvd Handle Value Notification, Handle: 0x004d (Unknown)"
"760","160932.083000","0.243000","remote ()","localhost ()","ATT","25","Rcvd Handle Value Notification, Handle: 0x0044 (Unknown)"
"762","160932.443000","0.048000","remote ()","localhost ()","ATT","25","Rcvd Handle Value Notification, Handle: 0x0044 (Unknown)"
"766","160932.849000","0.143000","remote ()","localhost ()","ATT","25","Rcvd Handle Value Notification, Handle: 0x0044 (Unknown)"
"768","160933.460000","0.128000","localhost ()","remote ()","ATT","51","Sent Write Command, Handle: 0x004d (Unknown)"
"774","160933.660000","0.014000","remote ()","localhost ()","ATT","25","Rcvd Handle Value Notification, Handle: 0x0044 (Unknown)"
"775","160933.749000","0.089000","remote ()","localhost ()","ATT","19","Rcvd Handle Value Notification, Handle: 0x004d (Unknown)"
"776","160933.811000","0.062000","controller","host","HCI_EVT","8","Rcvd Number of Completed Packets"
"778","160934.109000","0.198000","remote ()","localhost ()","ATT","25","Rcvd Handle Value Notification, Handle: 0x0044 (Unknown)"
"782","160934.463000","0.257000","localhost ()","remote ()","ATT","51","Sent Write Command, Handle: 0x004d (Unknown)"
"785","160934.693000","0.160000","remote ()","localhost ()","ATT","19","Rcvd Handle Value Notification, Handle: 0x004d (Unknown)"
"786","160934.768000","0.075000","controller","host","HCI_EVT","8","Rcvd Number of Completed Packets"
"788","160934.828000","0.060000","remote ()","localhost ()","ATT","25","Rcvd Handle Value Notification, Handle: 0x0044 (Unknown)"
"791","160935.234000","0.098000","remote ()","localhost ()","ATT","25","Rcvd Handle Value Notification, Handle: 0x0044 (Unknown)"
"798","160936.044000","0.041000","remote ()","localhost ()","ATT","25","Rcvd Handle Value Notification, Handle: 0x0044 (Unknown)"
"799","160936.449000","0.405000","remote ()","localhost ()","ATT","25","Rcvd Handle Value Notification, Handle: 0x0044 (Unknown)"
"800","160936.462000","0.013000","localhost ()","remote ()","ATT","51","Sent Write Command, Handle: 0x004d (Unknown)"
"801","160936.539000","0.077000","remote ()","localhost ()","ATT","19","Rcvd Handle Value Notification, Handle: 0x004d (Unknown)"
"802","160936.563000","0.024000","controller","host","HCI_EVT","8","Rcvd Number of Completed Packets"
"804","160936.854000","0.291000","remote ()","localhost ()","ATT","25","Rcvd Handle Value Notification, Handle: 0x0044 (Unknown)"
"809","160937.258000","0.041000","remote ()","localhost ()","ATT","25","Rcvd Handle Value Notification, Handle: 0x0044 (Unknown)"
"865","160937.663000","0.004000","remote ()","localhost ()","ATT","25","Rcvd Handle Value Notification, Handle: 0x0044 (Unknown)"
"963","160938.069000","0.203000","remote ()","localhost ()","ATT","25","Rcvd Handle Value Notification, Handle: 0x0044 (Unknown)"
"966","160938.460000","0.266000","localhost ()","remote ()","ATT","51","Sent Write Command, Handle: 0x004d (Unknown)"
"970","160938.654000","0.089000","remote ()","localhost ()","ATT","19","Rcvd Handle Value Notification, Handle: 0x004d (Unknown)"
"971","160938.760000","0.106000","controller","host","HCI_EVT","8","Rcvd Number of Completed Packets"
"972","160938.833000","0.073000","remote ()","localhost ()","ATT","25","Rcvd Handle Value Notification, Handle: 0x0044 (Unknown)"
"976","160939.239000","0.101000","remote ()","localhost ()","ATT","25","Rcvd Handle Value Notification, Handle: 0x0044 (Unknown)"
"978","160939.461000","0.054000","localhost ()","remote ()","ATT","51","Sent Write Command, Handle: 0x004d (Unknown)"
"980","160939.644000","0.076000","remote ()","localhost ()","ATT","19","Rcvd Handle Value Notification, Handle: 0x004d (Unknown)"
"981","160939.686000","0.042000","controller","host","HCI_EVT","8","Rcvd Number of Completed Packets"
"986","160940.050000","0.018000","remote ()","localhost ()","ATT","25","Rcvd Handle Value Notification, Handle: 0x0044 (Unknown)"
"987","160940.454000","0.404000","remote ()","localhost ()","ATT","25","Rcvd Handle Value Notification, Handle: 0x0044 (Unknown)"
"988","160940.461000","0.007000","localhost ()","remote ()","ATT","51","Sent Write Command, Handle: 0x004d (Unknown)"
"989","160940.544000","0.083000","remote ()","localhost ()","ATT","19","Rcvd Handle Value Notification, Handle: 0x004d (Unknown)"
"990","160940.571000","0.027000","controller","host","HCI_EVT","8","Rcvd Number of Completed Packets"
"992","160940.859000","0.288000","remote ()","localhost ()","ATT","25","Rcvd Handle Value Notification, Handle: 0x0044 (Unknown)"
"1000","160941.482000","0.251000","localhost ()","remote ()","ATT","51","Sent Write Command, Handle: 0x004d (Unknown)"
"1002","160941.669000","0.098000","remote ()","localhost ()","ATT","25","Rcvd Handle Value Notification, Handle: 0x0044 (Unknown)"
"1003","160941.714000","0.045000","remote ()","localhost ()","ATT","19","Rcvd Handle Value Notification, Handle: 0x004d (Unknown)"
"1004","160941.770000","0.056000","controller","host","HCI_EVT","8","Rcvd Number of Completed Packets"
"1007","160942.029000","0.257000","remote ()","localhost ()","ATT","25","Rcvd Handle Value Notification, Handle: 0x0044 (Unknown)"
"1011","160942.434000","0.020000","remote ()","localhost ()","ATT","25","Rcvd Handle Value Notification, Handle: 0x0044 (Unknown)"
"1018","160943.243000","0.233000","remote ()","localhost ()","ATT","25","Rcvd Handle Value Notification, Handle: 0x0044 (Unknown)"
"1021","160943.454000","0.110000","localhost ()","remote ()","ATT","51","Sent Write Command, Handle: 0x004d (Unknown)"
"1025","160943.648000","0.042000","remote ()","localhost ()","ATT","25","Rcvd Handle Value Notification, Handle: 0x0044 (Unknown)"
"1026","160943.694000","0.046000","remote ()","localhost ()","ATT","19","Rcvd Handle Value Notification, Handle: 0x004d (Unknown)"
"1027","160943.800000","0.106000","controller","host","HCI_EVT","8","Rcvd Number of Completed Packets"
"1029","160944.054000","0.146000","remote ()","localhost ()","ATT","25","Rcvd Handle Value Notification, Handle: 0x0044 (Unknown)"
"1030","160944.461000","0.407000","localhost ()","remote ()","ATT","51","Sent Write Command, Handle: 0x004d (Unknown)"
"1035","160944.684000","0.083000","remote ()","localhost ()","ATT","19","Rcvd Handle Value Notification, Handle: 0x004d (Unknown)"
"1036","160944.790000","0.106000","controller","host","HCI_EVT","8","Rcvd Number of Completed Packets"
"1037","160944.864000","0.074000","remote ()","localhost ()","ATT","25","Rcvd Handle Value Notification, Handle: 0x0044 (Unknown)"
"1038","160945.269000","0.405000","remote ()","localhost ()","ATT","25","Rcvd Handle Value Notification, Handle: 0x0044 (Unknown)"
"1043","160945.462000","0.022000","localhost ()","remote ()","ATT","51","Sent Write Command, Handle: 0x004d (Unknown)"
"1045","160945.854000","0.232000","remote ()","localhost ()","ATT","19","Rcvd Handle Value Notification, Handle: 0x004d (Unknown)"
"1046","160945.959000","0.105000","controller","host","HCI_EVT","8","Rcvd Number of Completed Packets"
"1049","160946.034000","0.053000","remote ()","localhost ()","ATT","25","Rcvd Handle Value Notification, Handle: 0x0044 (Unknown)"
"1052","160946.439000","0.091000","remote ()","localhost ()","ATT","25","Rcvd Handle Value Notification, Handle: 0x0044 (Unknown)"
"1058","160947.249000","0.353000","remote ()","localhost ()","ATT","25","Rcvd Handle Value Notification, Handle: 0x0044 (Unknown)"
"1132","160947.538000","0.000000","localhost ()","remote ()","ATT","51","Sent Write Command, Handle: 0x004d (Unknown)"
"1188","160947.654000","0.004000","remote ()","localhost ()","ATT","25","Rcvd Handle Value Notification, Handle: 0x0044 (Unknown)"
"1190","160947.655000","0.001000","controller","host","HCI_EVT","8","Rcvd Number of Completed Packets"
"1213","160947.743000","0.042000","remote ()","localhost ()","ATT","19","Rcvd Handle Value Notification, Handle: 0x004d (Unknown)"
"1216","160948.463000","0.105000","localhost ()","remote ()","ATT","51","Sent Write Command, Handle: 0x004d (Unknown)"
"1217","160948.463000","0.000000","remote ()","localhost ()","ATT","25","Rcvd Handle Value Notification, Handle: 0x0044 (Unknown)"
"1218","160948.554000","0.091000","remote ()","localhost ()","ATT","19","Rcvd Handle Value Notification, Handle: 0x004d (Unknown)"
"1219","160948.625000","0.071000","controller","host","HCI_EVT","8","Rcvd Number of Completed Packets"
"1223","160948.869000","0.207000","remote ()","localhost ()","ATT","25","Rcvd Handle Value Notification, Handle: 0x0044 (Unknown)"
"1230","160949.633000","0.355000","remote ()","localhost ()","ATT","25","Rcvd Handle Value Notification, Handle: 0x0044 (Unknown)"
"1233","160950.039000","0.213000","remote ()","localhost ()","ATT","25","Rcvd Handle Value Notification, Handle: 0x0044 (Unknown)"
"1236","160950.462000","0.296000","localhost ()","remote ()","ATT","51","Sent Write Command, Handle: 0x004d (Unknown)"
"1237","160950.624000","0.162000","remote ()","localhost ()","ATT","19","Rcvd Handle Value Notification, Handle: 0x004d (Unknown)"
"1238","160950.640000","0.016000","controller","host","HCI_EVT","8","Rcvd Number of Completed Packets"
"1244","160950.849000","0.108000","remote ()","localhost ()","ATT","25","Rcvd Handle Value Notification, Handle: 0x0044 (Unknown)"
"1245","160951.254000","0.405000","remote ()","localhost ()","ATT","25","Rcvd Handle Value Notification, Handle: 0x0044 (Unknown)"
"1251","160952.064000","0.150000","remote ()","localhost ()","ATT","25","Rcvd Handle Value Notification, Handle: 0x0044 (Unknown)"
"1254","160952.424000","0.145000","remote ()","localhost ()","ATT","25","Rcvd Handle Value Notification, Handle: 0x0044 (Unknown)"
"1255","160952.462000","0.038000","localhost ()","remote ()","ATT","51","Sent Write Command, Handle: 0x004d (Unknown)"
"1256","160952.507000","0.045000","controller","host","HCI_EVT","8","Rcvd Number of Completed Packets"
"1258","160952.516000","0.009000","remote ()","localhost ()","ATT","19","Rcvd Handle Value Notification, Handle: 0x004d (Unknown)"
"1266","160953.234000","0.054000","remote ()","localhost ()","ATT","25","Rcvd Handle Value Notification, Handle: 0x0044 (Unknown)"
"1270","160953.686000","0.026000","remote ()","localhost ()","ATT","25","Rcvd Handle Value Notification, Handle: 0x0044 (Unknown)"
"1275","160954.449000","0.389000","remote ()","localhost ()","ATT","25","Rcvd Handle Value Notification, Handle: 0x0044 (Unknown)"
"1276","160954.462000","0.013000","localhost ()","remote ()","ATT","51","Sent Write Command, Handle: 0x004d (Unknown)"
"1277","160954.539000","0.077000","remote ()","localhost ()","ATT","19","Rcvd Handle Value Notification, Handle: 0x004d (Unknown)"
"1278","160954.612000","0.073000","controller","host","HCI_EVT","8","Rcvd Number of Completed Packets"
"1283","160954.854000","0.183000","remote ()","localhost ()","ATT","25","Rcvd Handle Value Notification, Handle: 0x0044 (Unknown)"
"1288","160955.259000","0.045000","remote ()","localhost ()","ATT","25","Rcvd Handle Value Notification, Handle: 0x0044 (Unknown)"
"1289","160955.478000","0.219000","localhost ()","remote ()","ATT","51","Sent Write Command, Handle: 0x004d (Unknown)"
"1294","160955.844000","0.173000","remote ()","localhost ()","ATT","19","Rcvd Handle Value Notification, Handle: 0x004d (Unknown)"
"1295","160955.948000","0.104000","controller","host","HCI_EVT","8","Rcvd Number of Completed Packets"
"1296","160956.069000","0.121000","remote ()","localhost ()","ATT","25","Rcvd Handle Value Notification, Handle: 0x0044 (Unknown)"
"1299","160956.474000","0.346000","remote ()","localhost ()","ATT","25","Rcvd Handle Value Notification, Handle: 0x0044 (Unknown)"
"1308","160957.239000","0.196000","remote ()","localhost ()","ATT","25","Rcvd Handle Value Notification, Handle: 0x0044 (Unknown)"
"1383","160957.541000","0.000000","localhost ()","remote ()","ATT","51","Sent Write Command, Handle: 0x004d (Unknown)"
"1432","160957.645000","0.004000","remote ()","localhost ()","ATT","25","Rcvd Handle Value Notification, Handle: 0x0044 (Unknown)"
"1433","160957.645000","0.000000","controller","host","HCI_EVT","8","Rcvd Number of Completed Packets"
"1456","160957.690000","0.004000","remote ()","localhost ()","ATT","19","Rcvd Handle Value Notification, Handle: 0x004d (Unknown)"
"1467","160958.454000","0.685000","remote ()","localhost ()","ATT","25","Rcvd Handle Value Notification, Handle: 0x0044 (Unknown)"
"1472","160958.859000","0.158000","remote ()","localhost ()","ATT","25","Rcvd Handle Value Notification, Handle: 0x0044 (Unknown)"
"1474","160959.150000","0.171000","localhost ()","remote ()","ATT","112","Sent Write Command, Handle: 0x004d (Unknown)"
"1479","160959.444000","0.191000","remote ()","localhost ()","ATT","19","Rcvd Handle Value Notification, Handle: 0x004d (Unknown)"
"1480","160959.447000","0.003000","localhost ()","remote ()","ATT","57","Sent Write Command, Handle: 0x004d (Unknown)"
"1481","160959.451000","0.004000","controller","host","HCI_EVT","8","Rcvd Number of Completed Packets"
"1482","160959.504000","0.053000","controller","host","HCI_EVT","8","Rcvd Number of Completed Packets"
"1485","160959.579000","0.053000","remote ()","localhost ()","ATT","19","Rcvd Handle Value Notification, Handle: 0x004d (Unknown)"
"1486","160959.583000","0.004000","localhost ()","remote ()","ATT","51","Sent Write Command, Handle: 0x004d (Unknown)"
"1487","160959.669000","0.086000","remote ()","localhost ()","ATT","25","Rcvd Handle Value Notification, Handle: 0x0044 (Unknown)"
"1488","160959.669000","0.000000","remote ()","localhost ()","ATT","19","Rcvd Handle Value Notification, Handle: 0x004d (Unknown)"
"1489","160959.713000","0.044000","controller","host","HCI_EVT","8","Rcvd Number of Completed Packets"
"1492","160960.029000","0.226000","remote ()","localhost ()","ATT","25","Rcvd Handle Value Notification, Handle: 0x0044 (Unknown)"
"1496","160960.460000","0.299000","localhost ()","remote ()","ATT","51","Sent Write Command, Handle: 0x004d (Unknown)"
"1497","160960.613000","0.153000","remote ()","localhost ()","ATT","19","Rcvd Handle Value Notification, Handle: 0x004d (Unknown)"
"1498","160960.703000","0.090000","controller","host","HCI_EVT","8","Rcvd Number of Completed Packets"
"1502","160960.839000","0.062000","remote ()","localhost ()","ATT","25","Rcvd Handle Value Notification, Handle: 0x0044 (Unknown)"
"1503","160961.244000","0.405000","remote ()","localhost ()","ATT","25","Rcvd Handle Value Notification, Handle: 0x0044 (Unknown)"
"1506","160961.462000","0.136000","localhost ()","remote ()","ATT","51","Sent Write Command, Handle: 0x004d (Unknown)"
"1508","160961.650000","0.005000","remote ()","localhost ()","ATT","25","Rcvd Handle Value Notification, Handle: 0x0044 (Unknown)"
"1509","160961.694000","0.044000","remote ()","localhost ()","ATT","19","Rcvd Handle Value Notification, Handle: 0x004d (Unknown)"
"1510","160961.731000","0.037000","controller","host","HCI_EVT","8","Rcvd Number of Completed Packets"
"1513","160962.459000","0.188000","remote ()","localhost ()","ATT","25","Rcvd Handle Value Notification, Handle: 0x0044 (Unknown)"
"1518","160962.864000","0.035000","remote ()","localhost ()","ATT","25","Rcvd Handle Value Notification, Handle: 0x0044 (Unknown)"
"1520","160963.461000","0.345000","localhost ()","remote ()","ATT","51","Sent Write Command, Handle: 0x004d (Unknown)"
"1521","160963.629000","0.168000","remote ()","localhost ()","ATT","25","Rcvd Handle Value Notification, Handle: 0x0044 (Unknown)"
"1522","160963.674000","0.045000","remote ()","localhost ()","ATT","19","Rcvd Handle Value Notification, Handle: 0x004d (Unknown)"
"1523","160963.708000","0.034000","controller","host","HCI_EVT","8","Rcvd Number of Completed Packets"
"1527","160964.438000","0.392000","remote ()","localhost ()","ATT","25","Rcvd Handle Value Notification, Handle: 0x0044 (Unknown)"
"1531","160964.889000","0.097000","remote ()","localhost ()","ATT","25","Rcvd Handle Value Notification, Handle: 0x0044 (Unknown)"
"1534","160965.464000","0.238000","localhost ()","remote ()","ATT","51","Sent Write Command, Handle: 0x004d (Unknown)"
"1535","160965.518000","0.054000","remote ()","localhost ()","ATT","19","Rcvd Handle Value Notification, Handle: 0x004d (Unknown)"
"1536","160965.522000","0.004000","controller","host","HCI_EVT","8","Rcvd Number of Completed Packets"
"1538","160965.653000","0.131000","remote ()","localhost ()","ATT","25","Rcvd Handle Value Notification, Handle: 0x0044 (Unknown)"
"1541","160966.104000","0.248000","remote ()","localhost ()","ATT","25","Rcvd Handle Value Notification, Handle: 0x0044 (Unknown)"
"1545","160966.869000","0.071000","remote ()","localhost ()","ATT","25","Rcvd Handle Value Notification, Handle: 0x0044 (Unknown)"
"1548","160967.229000","0.207000","remote ()","localhost ()","ATT","25","Rcvd Handle Value Notification, Handle: 0x0044 (Unknown)"
"1624","160967.579000","0.001000","localhost ()","remote ()","ATT","51","Sent Write Command, Handle: 0x004d (Unknown)"
"1703","160967.811000","0.043000","controller","host","HCI_EVT","8","Rcvd Number of Completed Packets"
"1705","160967.859000","0.048000","remote ()","localhost ()","ATT","19","Rcvd Handle Value Notification, Handle: 0x004d (Unknown)"
"1706","160968.039000","0.180000","remote ()","localhost ()","ATT","25","Rcvd Handle Value Notification, Handle: 0x0044 (Unknown)"
"1711","160968.444000","0.338000","remote ()","localhost ()","ATT","25","Rcvd Handle Value Notification, Handle: 0x0044 (Unknown)"
"1712","160968.460000","0.016000","localhost ()","remote ()","ATT","51","Sent Write Command, Handle: 0x004d (Unknown)"
"1713","160968.533000","0.073000","remote ()","localhost ()","ATT","19","Rcvd Handle Value Notification, Handle: 0x004d (Unknown)"
"1714","160968.639000","0.106000","controller","host","HCI_EVT","8","Rcvd Number of Completed Packets"
"1728","160969.253000","0.244000","remote ()","localhost ()","ATT","25","Rcvd Handle Value Notification, Handle: 0x0044 (Unknown)"
"1732","160970.064000","0.148000","remote ()","localhost ()","ATT","25","Rcvd Handle Value Notification, Handle: 0x0044 (Unknown)"
"1733","160970.459000","0.395000","localhost ()","remote ()","ATT","51","Sent Write Command, Handle: 0x004d (Unknown)"
"1734","160970.471000","0.012000","remote ()","localhost ()","ATT","25","Rcvd Handle Value Notification, Handle: 0x0044 (Unknown)"
"1735","160970.491000","0.020000","controller","host","HCI_EVT","8","Rcvd Number of Completed Packets"
"1738","160970.516000","0.021000","remote ()","localhost ()","ATT","19","Rcvd Handle Value Notification, Handle: 0x004d (Unknown)"
"1743","160970.830000","0.007000","remote ()","localhost ()","ATT","25","Rcvd Handle Value Notification, Handle: 0x0044 (Unknown)"
"1749","160971.460000","0.086000","localhost ()","remote ()","ATT","51","Sent Write Command, Handle: 0x004d (Unknown)"
"1750","160971.638000","0.178000","remote ()","localhost ()","ATT","25","Rcvd Handle Value Notification, Handle: 0x0044 (Unknown)"
"1751","160971.683000","0.045000","remote ()","localhost ()","ATT","19","Rcvd Handle Value Notification, Handle: 0x004d (Unknown)"
"1752","160971.705000","0.022000","controller","host","HCI_EVT","8","Rcvd Number of Completed Packets"
"1757","160972.449000","0.465000","remote ()","localhost ()","ATT","25","Rcvd Handle Value Notification, Handle: 0x0044 (Unknown)"
"1758","160972.462000","0.013000","localhost ()","remote ()","ATT","51","Sent Write Command, Handle: 0x004d (Unknown)"
"1759","160972.539000","0.077000","remote ()","localhost ()","ATT","19","Rcvd Handle Value Notification, Handle: 0x004d (Unknown)"
"1760","160972.618000","0.079000","controller","host","HCI_EVT","8","Rcvd Number of Completed Packets"
"1762","160972.854000","0.236000","remote ()","localhost ()","ATT","25","Rcvd Handle Value Notification, Handle: 0x0044 (Unknown)"
"1766","160973.259000","0.091000","remote ()","localhost ()","ATT","25","Rcvd Handle Value Notification, Handle: 0x0044 (Unknown)"
"1768","160973.464000","0.009000","localhost ()","remote ()","ATT","51","Sent Write Command, Handle: 0x004d (Unknown)"
"1769","160973.664000","0.200000","remote ()","localhost ()","ATT","25","Rcvd Handle Value Notification, Handle: 0x0044 (Unknown)"
"1770","160973.753000","0.089000","remote ()","localhost ()","ATT","19","Rcvd Handle Value Notification, Handle: 0x004d (Unknown)"
"1771","160973.815000","0.062000","controller","host","HCI_EVT","8","Rcvd Number of Completed Packets"
"1773","160974.069000","0.159000","remote ()","localhost ()","ATT","25","Rcvd Handle Value Notification, Handle: 0x0044 (Unknown)"
"1777","160974.430000","0.021000","remote ()","localhost ()","ATT","25","Rcvd Handle Value Notification, Handle: 0x0044 (Unknown)"
"1783","160975.239000","0.229000","remote ()","localhost ()","ATT","25","Rcvd Handle Value Notification, Handle: 0x0044 (Unknown)"
"1785","160975.462000","0.145000","localhost ()","remote ()","ATT","51","Sent Write Command, Handle: 0x004d (Unknown)"
"1788","160975.644000","0.077000","remote ()","localhost ()","ATT","25","Rcvd Handle Value Notification, Handle: 0x0044 (Unknown)"
"1789","160975.689000","0.045000","remote ()","localhost ()","ATT","19","Rcvd Handle Value Notification, Handle: 0x004d (Unknown)"
"1790","160975.795000","0.106000","controller","host","HCI_EVT","8","Rcvd Number of Completed Packets"
"1793","160976.454000","0.532000","remote ()","localhost ()","ATT","25","Rcvd Handle Value Notification, Handle: 0x0044 (Unknown)"
"1794","160976.466000","0.012000","localhost ()","remote ()","ATT","51","Sent Write Command, Handle: 0x004d (Unknown)"
"1797","160976.544000","0.067000","remote ()","localhost ()","ATT","19","Rcvd Handle Value Notification, Handle: 0x004d (Unknown)"
"1798","160976.649000","0.105000","controller","host","HCI_EVT","8","Rcvd Number of Completed Packets"
"1801","160977.264000","0.326000","remote ()","localhost ()","ATT","25","Rcvd Handle Value Notification, Handle: 0x0044 (Unknown)"
"1935","160977.670000","0.002000","remote ()","localhost ()","ATT","25","Rcvd Handle Value Notification, Handle: 0x0044 (Unknown)"
"1959","160978.434000","0.052000","remote ()","localhost ()","ATT","25","Rcvd Handle Value Notification, Handle: 0x0044 (Unknown)"
"1960","160978.460000","0.026000","localhost ()","remote ()","ATT","51","Sent Write Command, Handle: 0x004d (Unknown)"
"1961","160978.524000","0.064000","remote ()","localhost ()","ATT","19","Rcvd Handle Value Notification, Handle: 0x004d (Unknown)"
"1962","160978.629000","0.105000","controller","host","HCI_EVT","8","Rcvd Number of Completed Packets"
"1967","160978.839000","0.169000","remote ()","localhost ()","ATT","25","Rcvd Handle Value Notification, Handle: 0x0044 (Unknown)"
"1972","160979.649000","0.078000","remote ()","localhost ()","ATT","25","Rcvd Handle Value Notification, Handle: 0x0044 (Unknown)"
"1975","160980.054000","0.091000","remote ()","localhost ()","ATT","25","Rcvd Handle Value Notification, Handle: 0x0044 (Unknown)"
"1978","160980.459000","0.048000","remote ()","localhost ()","ATT","25","Rcvd Handle Value Notification, Handle: 0x0044 (Unknown)"
"1979","160980.465000","0.006000","localhost ()","remote ()","ATT","51","Sent Write Command, Handle: 0x004d (Unknown)"
"1980","160980.549000","0.084000","remote ()","localhost ()","ATT","19","Rcvd Handle Value Notification, Handle: 0x004d (Unknown)"
"1981","160980.654000","0.105000","controller","host","HCI_EVT","8","Rcvd Number of Completed Packets"
"1988","160981.224000","0.141000","remote ()","localhost ()","ATT","25","Rcvd Handle Value Notification, Handle: 0x0044 (Unknown)"
"1990","160981.629000","0.279000","remote ()","localhost ()","ATT","25","Rcvd Handle Value Notification, Handle: 0x0044 (Unknown)"
"1995","160982.439000","0.454000","remote ()","localhost ()","ATT","25","Rcvd Handle Value Notification, Handle: 0x0044 (Unknown)"
"1996","160982.456000","0.017000","localhost ()","remote ()","ATT","51","Sent Write Command, Handle: 0x004d (Unknown)"
"1997","160982.529000","0.073000","remote ()","localhost ()","ATT","19","Rcvd Handle Value Notification, Handle: 0x004d (Unknown)"
"1998","160982.552000","0.023000","controller","host","HCI_EVT","8","Rcvd Number of Completed Packets"
"2001","160982.844000","0.292000","remote ()","localhost ()","ATT","25","Rcvd Handle Value Notification, Handle: 0x0044 (Unknown)"
"2005","160983.460000","0.034000","localhost ()","remote ()","ATT","51","Sent Write Command, Handle: 0x004d (Unknown)"
"2008","160983.654000","0.180000","remote ()","localhost ()","ATT","25","Rcvd Handle Value Notification, Handle: 0x0044 (Unknown)"
"2009","160983.698000","0.044000","remote ()","localhost ()","ATT","19","Rcvd Handle Value Notification, Handle: 0x004d (Unknown)"
"2010","160983.780000","0.082000","controller","host","HCI_EVT","8","Rcvd Number of Completed Packets"
"2014","160984.059000","0.050000","remote ()","localhost ()","ATT","25","Rcvd Handle Value Notification, Handle: 0x0044 (Unknown)"
"2018","160984.464000","0.076000","remote ()","localhost ()","ATT","25","Rcvd Handle Value Notification, Handle: 0x0044 (Unknown)"
"2021","160985.229000","0.218000","remote ()","localhost ()","ATT","25","Rcvd Handle Value Notification, Handle: 0x0044 (Unknown)"
"2024","160985.460000","0.186000","localhost ()","remote ()","ATT","51","Sent Write Command, Handle: 0x004d (Unknown)"
"2026","160985.633000","0.052000","remote ()","localhost ()","ATT","25","Rcvd Handle Value Notification, Handle: 0x0044 (Unknown)"
"2027","160985.679000","0.046000","remote ()","localhost ()","ATT","19","Rcvd Handle Value Notification, Handle: 0x004d (Unknown)"
"2028","160985.785000","0.106000","controller","host","HCI_EVT","8","Rcvd Number of Completed Packets"
"2032","160986.084000","0.054000","remote ()","localhost ()","ATT","25","Rcvd Handle Value Notification, Handle: 0x0044 (Unknown)"
"2034","160986.444000","0.305000","remote ()","localhost ()","ATT","25","Rcvd Handle Value Notification, Handle: 0x0044 (Unknown)"
"2035","160986.460000","0.016000","localhost ()","remote ()","ATT","51","Sent Write Command, Handle: 0x004d (Unknown)"
"2036","160986.534000","0.074000","remote ()","localhost ()","ATT","19","Rcvd Handle Value Notification, Handle: 0x004d (Unknown)"
"2037","160986.639000","0.105000","controller","host","HCI_EVT","8","Rcvd Number of Completed Packets"
"2041","160986.848000","0.078000","remote ()","localhost ()","ATT","25","Rcvd Handle Value Notification, Handle: 0x0044 (Unknown)"
"2169","160987.660000","0.002000","remote ()","localhost ()","ATT","25","Rcvd Handle Value Notification, Handle: 0x0044 (Unknown)"
"2202","160988.065000","0.009000","remote ()","localhost ()","ATT","25","Rcvd Handle Value Notification, Handle: 0x0044 (Unknown)"
"2204","160988.459000","0.135000","localhost ()","remote ()","ATT","51","Sent Write Command, Handle: 0x004d (Unknown)"
"2205","160988.668000","0.209000","controller","host","HCI_EVT","8","Rcvd Number of Completed Packets"
"2208","160988.696000","0.008000","remote ()","localhost ()","ATT","19","Rcvd Handle Value Notification, Handle: 0x004d (Unknown)"
"2209","160988.874000","0.178000","remote ()","localhost ()","ATT","25","Rcvd Handle Value Notification, Handle: 0x0044 (Unknown)"
"2213","160989.234000","0.179000","remote ()","localhost ()","ATT","25","Rcvd Handle Value Notification, Handle: 0x0044 (Unknown)"
"2216","160989.461000","0.174000","localhost ()","remote ()","ATT","51","Sent Write Command, Handle: 0x004d (Unknown)"
"2218","160989.820000","0.230000","remote ()","localhost ()","ATT","19","Rcvd Handle Value Notification, Handle: 0x004d (Unknown)"
"2219","160989.865000","0.045000","controller","host","HCI_EVT","8","Rcvd Number of Completed Packets"
"2222","160990.044000","0.167000","remote ()","localhost ()","ATT","25","Rcvd Handle Value Notification, Handle: 0x0044 (Unknown)"
"2226","160990.449000","0.022000","remote ()","localhost ()","ATT","25","Rcvd Handle Value Notification, Handle: 0x0044 (Unknown)"
"2230","160991.259000","0.196000","remote ()","localhost ()","ATT","25","Rcvd Handle Value Notification, Handle: 0x0044 (Unknown)"
"2233","160991.461000","0.128000","localhost ()","remote ()","ATT","51","Sent Write Command, Handle: 0x004d (Unknown)"
"2236","160991.844000","0.195000","remote ()","localhost ()","ATT","19","Rcvd Handle Value Notification, Handle: 0x004d (Unknown)"
"2237","160991.949000","0.105000","controller","host","HCI_EVT","8","Rcvd Number of Completed Packets"
"2238","160992.024000","0.075000","remote ()","localhost ()","ATT","25","Rcvd Handle Value Notification, Handle: 0x0044 (Unknown)"
"2243","160992.429000","0.177000","remote ()","localhost ()","ATT","25","Rcvd Handle Value Notification, Handle: 0x0044 (Unknown)"
"2245","160992.834000","0.241000","remote ()","localhost ()","ATT","25","Rcvd Handle Value Notification, Handle: 0x0044 (Unknown)"
"2250","160993.329000","0.164000","remote ()","localhost ()","ATT","25","Rcvd Handle Value Notification, Handle: 0x0044 (Unknown)"
"2252","160993.460000","0.030000","localhost ()","remote ()","ATT","51","Sent Write Command, Handle: 0x004d (Unknown)"
"2254","160993.914000","0.198000","remote ()","localhost ()","ATT","19","Rcvd Handle Value Notification, Handle: 0x004d (Unknown)"
"2255","160994.019000","0.105000","controller","host","HCI_EVT","8","Rcvd Number of Completed Packets"
"2256","160994.048000","0.029000","remote ()","localhost ()","ATT","25","Rcvd Handle Value Notification, Handle: 0x0044 (Unknown)"
"2260","160994.454000","0.367000","remote ()","localhost ()","ATT","25","Rcvd Handle Value Notification, Handle: 0x0044 (Unknown)"
"2261","160994.461000","0.007000","localhost ()","remote ()","ATT","51","Sent Write Command, Handle: 0x004d (Unknown)"
"2262","160994.543000","0.082000","remote ()","localhost ()","ATT","19","Rcvd Handle Value Notification, Handle: 0x004d (Unknown)"
"2263","160994.620000","0.077000","controller","host","HCI_EVT","8","Rcvd Number of Completed Packets"
"2267","160994.859000","0.189000","remote ()","localhost ()","ATT","25","Rcvd Handle Value Notification, Handle: 0x0044 (Unknown)"
"2272","160995.668000","0.104000","remote ()","localhost ()","ATT","25","Rcvd Handle Value Notification, Handle: 0x0044 (Unknown)"
"2273","160996.029000","0.361000","remote ()","localhost ()","ATT","25","Rcvd Handle Value Notification, Handle: 0x0044 (Unknown)"
"2277","160996.435000","0.246000","remote ()","localhost ()","ATT","25","Rcvd Handle Value Notification, Handle: 0x0044 (Unknown)"
"2279","160996.462000","0.006000","localhost ()","remote ()","ATT","51","Sent Write Command, Handle: 0x004d (Unknown)"
"2282","160996.523000","0.057000","remote ()","localhost ()","ATT","19","Rcvd Handle Value Notification, Handle: 0x004d (Unknown)"
"2283","160996.628000","0.105000","controller","host","HCI_EVT","8","Rcvd Number of Completed Packets"
"2284","160996.838000","0.210000","remote ()","localhost ()","ATT","25","Rcvd Handle Value Notification, Handle: 0x0044 (Unknown)"
"2288","160997.244000","0.114000","remote ()","localhost ()","ATT","25","Rcvd Handle Value Notification, Handle: 0x0044 (Unknown)"
"2364","160997.570000","0.000000","localhost ()","remote ()","ATT","51","Sent Write Command, Handle: 0x004d (Unknown)"
"2403","160997.650000","0.002000","remote ()","localhost ()","ATT","25","Rcvd Handle Value Notification, Handle: 0x0044 (Unknown)"
"2404","160997.653000","0.003000","controller","host","HCI_EVT","8","Rcvd Number of Completed Packets"
"2425","160997.694000","0.003000","remote ()","localhost ()","ATT","19","Rcvd Handle Value Notification, Handle: 0x004d (Unknown)"
"2448","160998.099000","0.299000","remote ()","localhost ()","ATT","25","Rcvd Handle Value Notification, Handle: 0x0044 (Unknown)"
"2453","160998.459000","0.071000","remote ()","localhost ()","ATT","25","Rcvd Handle Value Notification, Handle: 0x0044 (Unknown)"
"2460","160999.358000","0.207000","remote ()","localhost ()","ATT","25","Rcvd Handle Value Notification, Handle: 0x0044 (Unknown)"
"2461","160999.465000","0.107000","localhost ()","remote ()","ATT","51","Sent Write Command, Handle: 0x004d (Unknown)"
"2464","160999.629000","0.054000","remote ()","localhost ()","ATT","25","Rcvd Handle Value Notification, Handle: 0x0044 (Unknown)"
"2465","160999.674000","0.045000","remote ()","localhost ()","ATT","19","Rcvd Handle Value Notification, Handle: 0x004d (Unknown)"
"2466","160999.779000","0.105000","controller","host","HCI_EVT","8","Rcvd Number of Completed Packets"
"2469","161000.439000","0.238000","remote ()","localhost ()","ATT","25","Rcvd Handle Value Notification, Handle: 0x0044 (Unknown)"
"2478","161000.844000","0.034000","remote ()","localhost ()","ATT","25","Rcvd Handle Value Notification, Handle: 0x0044 (Unknown)"
"2481","161001.249000","0.074000","remote ()","localhost ()","ATT","25","Rcvd Handle Value Notification, Handle: 0x0044 (Unknown)"
"2484","161001.460000","0.049000","localhost ()","remote ()","ATT","51","Sent Write Command, Handle: 0x004d (Unknown)"
"2487","161001.834000","0.144000","remote ()","localhost ()","ATT","19","Rcvd Handle Value Notification, Handle: 0x004d (Unknown)"
"2488","161001.940000","0.106000","controller","host","HCI_EVT","8","Rcvd Number of Completed Packets"
"2492","161002.059000","0.094000","remote ()","localhost ()","ATT","25","Rcvd Handle Value Notification, Handle: 0x0044 (Unknown)"
"2496","161002.461000","0.210000","localhost ()","remote ()","ATT","51","Sent Write Command, Handle: 0x004d (Unknown)"
"2497","161002.463000","0.002000","remote ()","localhost ()","ATT","25","Rcvd Handle Value Notification, Handle: 0x0044 (Unknown)"
"2498","161002.554000","0.091000","remote ()","localhost ()","ATT","19","Rcvd Handle Value Notification, Handle: 0x004d (Unknown)"
"2499","161002.659000","0.105000","controller","host","HCI_EVT","8","Rcvd Number of Completed Packets"
"2500","161002.824000","0.165000","remote ()","localhost ()","ATT","25","Rcvd Handle Value Notification, Handle: 0x0044 (Unknown)"
"2505","161003.634000","0.429000","remote ()","localhost ()","ATT","25","Rcvd Handle Value Notification, Handle: 0x0044 (Unknown)"
"2509","161004.040000","0.250000","remote ()","localhost ()","ATT","25","Rcvd Handle Value Notification, Handle: 0x0044 (Unknown)"
"2513","161004.460000","0.122000","localhost ()","remote ()","ATT","51","Sent Write Command, Handle: 0x004d (Unknown)"
"2514","161004.624000","0.164000","remote ()","localhost ()","ATT","19","Rcvd Handle Value Notification, Handle: 0x004d (Unknown)"
"2515","161004.655000","0.031000","controller","host","HCI_EVT","8","Rcvd Number of Completed Packets"
"2521","161004.849000","0.143000","remote ()","localhost ()","ATT","25","Rcvd Handle Value Notification, Handle: 0x0044 (Unknown)"
"2524","161005.257000","0.021000","remote ()","localhost ()","ATT","25","Rcvd Handle Value Notification, Handle: 0x0044 (Unknown)"
"2526","161005.462000","0.202000","localhost ()","remote ()","ATT","51","Sent Write Command, Handle: 0x004d (Unknown)"
"2528","161005.659000","0.053000","remote ()","localhost ()","ATT","25","Rcvd Handle Value Notification, Handle: 0x0044 (Unknown)"
"2529","161005.703000","0.044000","remote ()","localhost ()","ATT","19","Rcvd Handle Value Notification, Handle: 0x004d (Unknown)"
"2530","161005.809000","0.106000","controller","host","HCI_EVT","8","Rcvd Number of Completed Packets"
"2535","161006.468000","0.259000","remote ()","localhost ()","ATT","25","Rcvd Handle Value Notification, Handle: 0x0044 (Unknown)"
"2536","161006.828000","0.360000","remote ()","localhost ()","ATT","25","Rcvd Handle Value Notification, Handle: 0x0044 (Unknown)"
"2541","161007.236000","0.026000","remote ()","localhost ()","ATT","25","Rcvd Handle Value Notification, Handle: 0x0044 (Unknown)"
"2543","161007.458000","0.123000","localhost ()","remote ()","ATT","51","Sent Write Command, Handle: 0x004d (Unknown)"
"2615","161007.640000","0.003000","remote ()","localhost ()","ATT","25","Rcvd Handle Value Notification, Handle: 0x0044 (Unknown)"
"2616","161007.640000","0.000000","controller","host","HCI_EVT","8","Rcvd Number of Completed Packets"
"2660","161007.728000","0.004000","remote ()","localhost ()","ATT","19","Rcvd Handle Value Notification, Handle: 0x004d (Unknown)"
"2701","161008.449000","0.224000","remote ()","localhost ()","ATT","25","Rcvd Handle Value Notification, Handle: 0x0044 (Unknown)"
"2702","161008.460000","0.011000","localhost ()","remote ()","ATT","51","Sent Write Command, Handle: 0x004d (Unknown)"
"2703","161008.539000","0.079000","remote ()","localhost ()","ATT","19","Rcvd Handle Value Notification, Handle: 0x004d (Unknown)"
"2704","161008.644000","0.105000","controller","host","HCI_EVT","8","Rcvd Number of Completed Packets"
"2706","161008.854000","0.124000","remote ()","localhost ()","ATT","25","Rcvd Handle Value Notification, Handle: 0x0044 (Unknown)"
"2713","161009.666000","0.008000","remote ()","localhost ()","ATT","25","Rcvd Handle Value Notification, Handle: 0x0044 (Unknown)"
"2715","161010.069000","0.139000","remote ()","localhost ()","ATT","25","Rcvd Handle Value Notification, Handle: 0x0044 (Unknown)"
"2717","161010.429000","0.193000","remote ()","localhost ()","ATT","25","Rcvd Handle Value Notification, Handle: 0x0044 (Unknown)"
"2718","161010.463000","0.034000","localhost ()","remote ()","ATT","51","Sent Write Command, Handle: 0x004d (Unknown)"
"2719","161010.518000","0.055000","remote ()","localhost ()","ATT","19","Rcvd Handle Value Notification, Handle: 0x004d (Unknown)"
"2720","161010.534000","0.016000","controller","host","HCI_EVT","8","Rcvd Number of Completed Packets"
"2724","161010.835000","0.269000","remote ()","localhost ()","ATT","25","Rcvd Handle Value Notification, Handle: 0x0044 (Unknown)"
"2729","161011.643000","0.189000","remote ()","localhost ()","ATT","25","Rcvd Handle Value Notification, Handle: 0x0044 (Unknown)"
"2731","161012.094000","0.080000","remote ()","localhost ()","ATT","25","Rcvd Handle Value Notification, Handle: 0x0044 (Unknown)"
"2735","161012.454000","0.104000","remote ()","localhost ()","ATT","25","Rcvd Handle Value Notification, Handle: 0x0044 (Unknown)"
"2736","161012.462000","0.008000","localhost ()","remote ()","ATT","51","Sent Write Command, Handle: 0x004d (Unknown)"
"2737","161012.544000","0.082000","remote ()","localhost ()","ATT","19","Rcvd Handle Value Notification, Handle: 0x004d (Unknown)"
"2738","161012.649000","0.105000","controller","host","HCI_EVT","8","Rcvd Number of Completed Packets"
"2743","161013.264000","0.006000","remote ()","localhost ()","ATT","25","Rcvd Handle Value Notification, Handle: 0x0044 (Unknown)"
"2746","161013.624000","0.356000","remote ()","localhost ()","ATT","25","Rcvd Handle Value Notification, Handle: 0x0044 (Unknown)"
"2750","161014.029000","0.155000","remote ()","localhost ()","ATT","25","Rcvd Handle Value Notification, Handle: 0x0044 (Unknown)"
"2754","161014.459000","0.029000","localhost ()","remote ()","ATT","51","Sent Write Command, Handle: 0x004d (Unknown)"
"2755","161014.613000","0.154000","remote ()","localhost ()","ATT","19","Rcvd Handle Value Notification, Handle: 0x004d (Unknown)"
"2756","161014.719000","0.106000","controller","host","HCI_EVT","8","Rcvd Number of Completed Packets"
"2758","161014.839000","0.111000","remote ()","localhost ()","ATT","25","Rcvd Handle Value Notification, Handle: 0x0044 (Unknown)"
"2759","161015.243000","0.404000","remote ()","localhost ()","ATT","25","Rcvd Handle Value Notification, Handle: 0x0044 (Unknown)"
"2762","161015.460000","0.105000","localhost ()","remote ()","ATT","51","Sent Write Command, Handle: 0x004d (Unknown)"
"2764","161015.651000","0.013000","remote ()","localhost ()","ATT","25","Rcvd Handle Value Notification, Handle: 0x0044 (Unknown)"
"2765","161015.675000","0.024000","controller","host","HCI_EVT","8","Rcvd Number of Completed Packets"
"2767","161015.696000","0.021000","remote ()","localhost ()","ATT","19","Rcvd Handle Value Notification, Handle: 0x004d (Unknown)"
"2773","161016.458000","0.174000","remote ()","localhost ()","ATT","25","Rcvd Handle Value Notification, Handle: 0x0044 (Unknown)"
"2774","161016.465000","0.007000","localhost ()","remote ()","ATT","51","Sent Write Command, Handle: 0x004d (Unknown)"
"2775","161016.526000","0.061000","controller","host","HCI_EVT","8","Rcvd Number of Completed Packets"
"2777","161016.551000","0.025000","remote ()","localhost ()","ATT","19","Rcvd Handle Value Notification, Handle: 0x004d (Unknown)"
"2782","161016.863000","0.039000","remote ()","localhost ()","ATT","25","Rcvd Handle Value Notification, Handle: 0x0044 (Unknown)"
"2786","161017.316000","0.027000","remote ()","localhost ()","ATT","25","Rcvd Handle Value Notification, Handle: 0x0044 (Unknown)"
"2941","161018.034000","0.124000","remote ()","localhost ()","ATT","25","Rcvd Handle Value Notification, Handle: 0x0044 (Unknown)"
"2946","161018.440000","0.139000","remote ()","localhost ()","ATT","25","Rcvd Handle Value Notification, Handle: 0x0044 (Unknown)"
"2948","161018.460000","0.003000","localhost ()","remote ()","ATT","51","Sent Write Command, Handle: 0x004d (Unknown)"
"2949","161018.574000","0.114000","remote ()","localhost ()","ATT","19","Rcvd Handle Value Notification, Handle: 0x004d (Unknown)"
"2950","161018.679000","0.105000","controller","host","HCI_EVT","8","Rcvd Number of Completed Packets"
"2953","161018.844000","0.089000","remote ()","localhost ()","ATT","25","Rcvd Handle Value Notification, Handle: 0x0044 (Unknown)"
"2956","161019.654000","0.326000","remote ()","localhost ()","ATT","25","Rcvd Handle Value Notification, Handle: 0x0044 (Unknown)"
"2962","161020.059000","0.041000","remote ()","localhost ()","ATT","25","Rcvd Handle Value Notification, Handle: 0x0044 (Unknown)"
"2964","161020.463000","0.115000","localhost ()","remote ()","ATT","51","Sent Write Command, Handle: 0x004d (Unknown)"
"2965","161020.464000","0.001000","remote ()","localhost ()","ATT","25","Rcvd Handle Value Notification, Handle: 0x0044 (Unknown)"
"2966","161020.564000","0.100000","controller","host","HCI_EVT","8","Rcvd Number of Completed Packets"
"2969","161020.601000","0.019000","remote ()","localhost ()","ATT","19","Rcvd Handle Value Notification, Handle: 0x004d (Unknown)"
"2974","161021.231000","0.024000","remote ()","localhost ()","ATT","25","Rcvd Handle Value Notification, Handle: 0x0044 (Unknown)"
"2976","161021.464000","0.101000","localhost ()","remote ()","ATT","51","Sent Write Command, Handle: 0x004d (Unknown)"
"2980","161021.814000","0.050000","remote ()","localhost ()","ATT","19","Rcvd Handle Value Notification, Handle: 0x004d (Unknown)"
"2981","161021.920000","0.106000","controller","host","HCI_EVT","8","Rcvd Number of Completed Packets"
"2982","161022.039000","0.119000","remote ()","localhost ()","ATT","25","Rcvd Handle Value Notification, Handle: 0x0044 (Unknown)"
"2985","161022.444000","0.080000","remote ()","localhost ()","ATT","25","Rcvd Handle Value Notification, Handle: 0x0044 (Unknown)"
"2991","161023.254000","0.247000","remote ()","localhost ()","ATT","25","Rcvd Handle Value Notification, Handle: 0x0044 (Unknown)"
"2993","161023.461000","0.080000","localhost ()","remote ()","ATT","51","Sent Write Command, Handle: 0x004d (Unknown)"
"2996","161023.840000","0.287000","remote ()","localhost ()","ATT","19","Rcvd Handle Value Notification, Handle: 0x004d (Unknown)"
"2997","161023.908000","0.068000","controller","host","HCI_EVT","8","Rcvd Number of Completed Packets"
"3000","161024.064000","0.151000","remote ()","localhost ()","ATT","25","Rcvd Handle Value Notification, Handle: 0x0044 (Unknown)"
"3005","161024.831000","0.025000","remote ()","localhost ()","ATT","25","Rcvd Handle Value Notification, Handle: 0x0044 (Unknown)"
"3012","161025.461000","0.045000","localhost ()","remote ()","ATT","51","Sent Write Command, Handle: 0x004d (Unknown)"
"3013","161025.639000","0.178000","remote ()","localhost ()","ATT","25","Rcvd Handle Value Notification, Handle: 0x0044 (Unknown)"
"3014","161025.667000","0.028000","controller","host","HCI_EVT","8","Rcvd Number of Completed Packets"
"3017","161025.731000","0.029000","remote ()","localhost ()","ATT","19","Rcvd Handle Value Notification, Handle: 0x004d (Unknown)"
"3019","161026.044000","0.057000","remote ()","localhost ()","ATT","25","Rcvd Handle Value Notification, Handle: 0x0044 (Unknown)"
"3031","161026.856000","0.005000","remote ()","localhost ()","ATT","25","Rcvd Handle Value Notification, Handle: 0x0044 (Unknown)"
"3036","161027.258000","0.088000","remote ()","localhost ()","ATT","25","Rcvd Handle Value Notification, Handle: 0x0044 (Unknown)"
"3038","161027.464000","0.036000","localhost ()","remote ()","ATT","51","Sent Write Command, Handle: 0x004d (Unknown)"
"3188","161027.800000","0.005000","controller","host","HCI_EVT","8","Rcvd Number of Completed Packets"
"3191","161027.844000","0.020000","remote ()","localhost ()","ATT","19","Rcvd Handle Value Notification, Handle: 0x004d (Unknown)"
"3194","161028.069000","0.191000","remote ()","localhost ()","ATT","25","Rcvd Handle Value Notification, Handle: 0x0044 (Unknown)"
